{"time": 2.9031312465667725, "err": 4.09267717670434, "mem": null, "ls_max_eig": 1.0104543819972718}